{
  "0": [
    114.102944,
    22.53834
  ],
  "1": [
    114.112574,
    22.554167
  ],
  "2": [
    114.122284,
    22.550975
  ],
  "3": [
    114.123344,
    22.541583
  ],
  "4": [
    114.13146,
    22.54293
  ],
  "5": [
    114.129133,
    22.551722
  ],
  "6": [
    114.140705,
    22.56226
  ],
  "7": [
    114.147264,
    22.548113
  ],
  "8": [
    114.127524,
    22.565236
  ],
  "9": [
    114.115163,
    22.574229
  ],
  "10": [
    114.142198,
    22.581067
  ],
  "11": [
    114.188488,
    22.563156
  ],
  "12": [
    114.050957,
    22.557551
  ],
  "13": [
    114.061712,
    22.563812
  ],
  "14": [
    114.065689,
    22.54509
  ],
  "15": [
    114.065694,
    22.53666
  ],
  "16": [
    114.097854,
    22.564214
  ],
  "17": [
    114.095176,
    22.548614
  ],
  "18": [
    114.089993,
    22.536202
  ],
  "19": [
    114.079668,
    22.536392
  ],
  "20": [
    114.073085,
    22.56614
  ],
  "21": [
    114.070709,
    22.541229
  ],
  "22": [
    114.024069,
    22.528121
  ],
  "23": [
    114.056616,
    22.508518
  ],
  "24": [
    114.065479,
    22.520227
  ],
  "25": [
    114.007756,
    22.534143
  ],
  "26": [
    114.021965,
    22.535088
  ],
  "27": [
    114.031896,
    22.533031
  ],
  "28": [
    114.01571,
    22.563833
  ],
  "29": [
    113.940338,
    22.498795
  ],
  "30": [
    113.898414,
    22.499489
  ],
  "31": [
    113.888291,
    22.489926
  ],
  "32": [
    113.88906,
    22.480635
  ],
  "33": [
    113.900938,
    22.550857
  ],
  "34": [
    113.913409,
    22.565029
  ],
  "35": [
    113.935546,
    22.559334
  ],
  "36": [
    113.952508,
    22.558717
  ],
  "37": [
    113.947256,
    22.546191
  ],
  "38": [
    113.933851,
    22.547291
  ],
  "39": [
    113.949594,
    22.540743
  ],
  "40": [
    113.930354,
    22.535729
  ],
  "41": [
    113.969275,
    22.54838
  ],
  "42": [
    113.97957,
    22.544941
  ],
  "43": [
    113.98251,
    22.535186
  ],
  "44": [
    113.965156,
    22.527308
  ],
  "45": [
    113.954748,
    22.542768
  ],
  "46": [
    113.961078,
    22.567195
  ],
  "47": [
    113.975149,
    22.577911
  ],
  "48": [
    113.965995,
    22.587332
  ],
  "49": [
    113.994306,
    22.59737
  ],
  "50": [
    113.937349,
    22.621212
  ],
  "51": [
    113.93856,
    22.520031
  ],
  "52": [
    113.950976,
    22.52246
  ],
  "53": [
    114.27694,
    22.587496
  ],
  "54": [
    114.307996,
    22.597928
  ],
  "55": [
    113.885152,
    22.553319
  ],
  "56": [
    113.873949,
    22.555547
  ],
  "57": [
    113.906922,
    22.571197
  ],
  "58": [
    113.891568,
    22.577337
  ],
  "59": [
    113.9029,
    22.591854
  ],
  "60": [
    113.88478,
    22.586917
  ],
  "61": [
    113.862026,
    22.61447
  ],
  "62": [
    113.864174,
    22.625239
  ],
  "63": [
    113.857816,
    22.593296
  ],
  "64": [
    113.839394,
    22.600624
  ],
  "65": [
    113.84929,
    22.607953
  ],
  "66": [
    113.875996,
    22.562044
  ],
  "67": [
    113.861234,
    22.570844
  ],
  "68": [
    113.850671,
    22.57356
  ],
  "69": [
    113.872491,
    22.579064
  ],
  "70": [
    113.860834,
    22.6155
  ],
  "71": [
    113.815313,
    22.66362
  ],
  "72": [
    113.806076,
    22.673562
  ],
  "73": [
    113.786486,
    22.730719
  ],
  "74": [
    113.784724,
    22.714121
  ],
  "75": [
    113.87032,
    22.818918
  ],
  "76": [
    113.858122,
    22.772903
  ],
  "77": [
    113.829524,
    22.771198
  ],
  "78": [
    113.817609,
    22.771879
  ],
  "79": [
    113.84901,
    22.781845
  ],
  "80": [
    113.853058,
    22.766131
  ],
  "81": [
    113.83253,
    22.747085
  ],
  "82": [
    113.838162,
    22.718597
  ],
  "83": [
    113.827349,
    22.731966
  ],
  "84": [
    113.819553,
    22.747975
  ],
  "85": [
    113.812522,
    22.738839
  ],
  "86": [
    113.814846,
    22.732499
  ],
  "87": [
    113.830296,
    22.72252
  ],
  "88": [
    113.816331,
    22.705604
  ],
  "89": [
    113.793772,
    22.729775
  ],
  "90": [
    113.79492,
    22.716786
  ],
  "91": [
    113.789941,
    22.696132
  ],
  "92": [
    113.802875,
    22.689785
  ],
  "93": [
    113.856308,
    22.730137
  ],
  "94": [
    113.929314,
    22.663549
  ],
  "95": [
    113.878343,
    22.771047
  ],
  "96": [
    113.898232,
    22.788408
  ],
  "97": [
    113.907418,
    22.76505
  ],
  "98": [
    113.891359,
    22.728208
  ],
  "99": [
    113.883155,
    22.75668
  ],
  "100": [
    113.894852,
    22.719619
  ],
  "101": [
    113.989837,
    22.733961
  ],
  "102": [
    113.92368,
    22.693836
  ],
  "103": [
    113.97071,
    22.695126
  ],
  "104": [
    113.885616,
    22.766002
  ],
  "105": [
    113.938136,
    22.75193
  ],
  "106": [
    113.923273,
    22.765474
  ],
  "107": [
    114.058481,
    22.59182
  ],
  "108": [
    114.029544,
    22.745565
  ],
  "109": [
    114.038678,
    22.741588
  ],
  "110": [
    113.996898,
    22.735645
  ],
  "111": [
    114.030014,
    22.714598
  ],
  "112": [
    114.021644,
    22.712304
  ],
  "113": [
    114.046614,
    22.725482
  ],
  "114": [
    114.042589,
    22.694073
  ],
  "115": [
    114.036761,
    22.599496
  ],
  "116": [
    114.05395,
    22.603543
  ],
  "117": [
    114.04257,
    22.608022
  ],
  "118": [
    114.032624,
    22.629491
  ],
  "119": [
    114.020656,
    22.631098
  ],
  "120": [
    114.031873,
    22.636865
  ],
  "121": [
    114.058037,
    22.63335
  ],
  "122": [
    114.041763,
    22.655285
  ],
  "123": [
    114.02467,
    22.65232
  ],
  "124": [
    114.018533,
    22.644652
  ],
  "125": [
    114.020912,
    22.662835
  ],
  "126": [
    114.030447,
    22.662079
  ],
  "127": [
    113.998872,
    22.697554
  ],
  "128": [
    114.076225,
    22.618183
  ],
  "129": [
    114.001246,
    22.66745
  ],
  "130": [
    113.990661,
    22.67163
  ],
  "131": [
    114.009892,
    22.637627
  ],
  "132": [
    114.078481,
    22.707179
  ],
  "133": [
    114.07449,
    22.684861
  ],
  "134": [
    114.044677,
    22.671917
  ],
  "135": [
    114.058219,
    22.671338
  ],
  "136": [
    114.066944,
    22.690148
  ],
  "137": [
    114.079977,
    22.651767
  ],
  "138": [
    114.070967,
    22.661148
  ],
  "139": [
    114.067163,
    22.651523
  ],
  "140": [
    114.064988,
    22.625688
  ],
  "141": [
    114.070627,
    22.619399
  ],
  "142": [
    114.057782,
    22.694716
  ],
  "143": [
    114.233941,
    22.6325
  ],
  "144": [
    114.15632,
    22.619512
  ],
  "145": [
    114.095187,
    22.704937
  ],
  "146": [
    114.140523,
    22.69993
  ],
  "147": [
    114.121932,
    22.677607
  ],
  "148": [
    114.089956,
    22.636939
  ],
  "149": [
    114.226713,
    22.673329
  ],
  "150": [
    114.208073,
    22.648985
  ],
  "151": [
    114.107014,
    22.625885
  ],
  "152": [
    114.117609,
    22.609628
  ],
  "153": [
    114.114147,
    22.651848
  ],
  "154": [
    114.130451,
    22.644137
  ],
  "155": [
    114.117167,
    22.648621
  ],
  "156": [
    114.121426,
    22.691438
  ],
  "157": [
    114.294279,
    22.724234
  ],
  "158": [
    114.305308,
    22.770557
  ],
  "159": [
    114.270844,
    22.75975
  ],
  "160": [
    114.316163,
    22.69996
  ],
  "161": [
    114.259614,
    22.7458
  ],
  "162": [
    114.261978,
    22.6831
  ],
  "163": [
    114.262472,
    22.688209
  ],
  "164": [
    114.2267,
    22.726607
  ],
  "165": [
    114.230525,
    22.746744
  ],
  "166": [
    114.261388,
    22.696682
  ],
  "167": [
    114.35166,
    22.665823
  ],
  "168": [
    114.288926,
    22.667192
  ],
  "169": [
    114.313222,
    22.673507
  ],
  "170": [
    114.400987,
    22.702903
  ],
  "171": [
    114.332525,
    22.682576
  ],
  "172": [
    114.346185,
    22.689176
  ],
  "173": [
    114.377207,
    22.705926
  ],
  "174": [
    114.365442,
    22.757857
  ],
  "175": [
    114.385619,
    22.75174
  ],
  "176": [
    114.405625,
    22.752684
  ],